Type,Name,Request Count,Failure Count,Median Response Time,Average Response Time,Min Response Time,Max Response Time,Average Content Size,Requests/s,Failures/s,50%,66%,75%,80%,90%,95%,98%,99%,99.9%,99.99%,100%
POST,/compute,63,0,5300.0,5200.96476031748,3181.7810000002282,7447.78099999985,15.0,1.1037068399001015,0.0,5300,5500,6500,6600,6900,7200,7300,7400,7400,7400,7400
,Aggregated,63,0,5300.0,5200.96476031748,3181.7810000002282,7447.78099999985,15.0,1.1037068399001015,0.0,5300,5500,6500,6600,6900,7200,7300,7400,7400,7400,7400
